level1,level2,level3,occurrences
Α. ΣΥΝΤΗΡΗΣΗ,1. ΒΑΨΙΜΟ,,600
D. ΕΠΙΤΡΑΠΕΖΙΟΣ ΕΞΟΠΛΙΣΜΟΣ,7. AIR-CONDITIONING,,369
Β. ΗΛΕΚΤΡΟΛΟΓΙΚΑ,4. ΛΑΜΠΑ,,264
D. ΕΠΙΤΡΑΠΕΖΙΟΣ ΕΞΟΠΛΙΣΜΟΣ,D.1 ΜΗΧΑΝΗΜΑΤΑ ΚΟΥΖΙΝΑΣ,3. ΤΗΛΕΟΡΑΣΗ,219
C. ΥΔΡΑΥΛΙΚΑ,4. ΣΙΦΟΝΙ ΜΠΑΝΙΟΥ,,219
D. ΕΠΙΤΡΑΠΕΖΙΟΣ ΕΞΟΠΛΙΣΜΟΣ,D.1 ΜΗΧΑΝΗΜΑΤΑ ΚΟΥΖΙΝΑΣ,6. AIR-CONDITIONING,213
C. ΥΔΡΑΥΛΙΚΑ,7. ΚΑΖΑΝΑΚΙ ΤΟΥΑΛΕΤΑΣ,,182
D. ΕΠΙΤΡΑΠΕΖΙΟΣ ΕΞΟΠΛΙΣΜΟΣ,11. ΑΛΛΗ ΒΛΑΒΗ ΕΞΟΠΛΙΣΜΟΥ,,168
Α. ΣΥΝΤΗΡΗΣΗ,25. ΑΛΛΗ ΚΑΤΑΣΚΕΥΑΣΤΙΚΗ ΒΛΑΒΗ,,153
Α. ΣΥΝΤΗΡΗΣΗ,2. ΣΤΟΚΑΡΙΣΜΑ,,152
C. ΥΔΡΑΥΛΙΚΑ,7. AIR-CONDITIONING,,147
D. ΕΠΙΤΡΑΠΕΖΙΟΣ ΕΞΟΠΛΙΣΜΟΣ,D.1 ΜΗΧΑΝΗΜΑΤΑ ΚΟΥΖΙΝΑΣ,22. ΆΛΛΗ ΥΔΡΑΥΛΙΚΗ ΒΛΑΒΗ,143
C. ΥΔΡΑΥΛΙΚΑ,14. ΆΛΛΗ ΥΔΡΑΥΛΙΚΗ ΒΛΑΒΗ,,127
Α. ΣΥΝΤΗΡΗΣΗ,6. ΠΟΡΤΑ ΕΙΣΟΔΟΥ,,126
C. ΥΔΡΑΥΛΙΚΑ,1. ΛΕΚΑΝΗ,,117
Α. ΣΥΝΤΗΡΗΣΗ,24. ΆΛΛΗ ΚΑΤΑΣΚΕΥΑΣΤΙΚΗ ΒΛΑΒΗ,,116
C. ΥΔΡΑΥΛΙΚΑ,17. ΑΛΛΗ ΥΔΡΑΥΛΙΚΗ ΒΛΑΒΗ,,115
Β. ΗΛΕΚΤΡΟΛΟΓΙΚΑ,2. ΠΡΙΖΑ,,97
C. ΥΔΡΑΥΛΙΚΑ,3. ΒΟΥΛΩΜΕΝΟ ΣΙΦΩΝΙ,,93
D. ΕΠΙΤΡΑΠΕΖΙΟΣ ΕΞΟΠΛΙΣΜΟΣ,11. ΆΛΛΗ ΒΛΑΒΗ ΕΞΟΠΛΙΣΜΟΥ,,91
C. ΥΔΡΑΥΛΙΚΑ,2. ΝΙΠΤΗΡΑΣ,,87
Β. ΗΛΕΚΤΡΟΛΟΓΙΚΑ,14. ΑΛΛΗ ΗΛΕΚΤΡΟΛΟΓΙΚΗ ΒΛΑΒΗ,,86
C. ΥΔΡΑΥΛΙΚΑ,15. ΆΛΛΗ ΗΛΕΚΤΡΟΛΟΓΙΚΗ ΒΛΑΒΗ,,83
D. ΕΠΙΤΡΑΠΕΖΙΟΣ ΕΞΟΠΛΙΣΜΟΣ,2. ΨΥΓΕΙΟ,,83
Α. ΣΥΝΤΗΡΗΣΗ,9. ΚΛΕΙΔΑΡΙΑ,,78
C. ΥΔΡΑΥΛΙΚΑ,6. ΜΠΟΥΤΟΝ ΚΑΖΑΝΑΚΙ ΜΠΑΝΙΟΥ,,78
Β. ΗΛΕΚΤΡΟΛΟΓΙΚΑ,11. ΦΩΤΙΣΜΟΣ ΚΟΙΝΟΧΡΗΣΤΩΝ,,77
Β. ΗΛΕΚΤΡΟΛΟΓΙΚΑ,18. ΆΛΛΗ ΚΑΤΑΣΚΕΥΑΣΤΙΚΗ ΒΛΑΒΗ,,70
Α. ΣΥΝΤΗΡΗΣΗ,11. ΠΟΡΤΑ ΕΙΣΟΔΟΥ,,69
C. ΥΔΡΑΥΛΙΚΑ,12. ΤΗΛΕΦΩΝΟ ΝΤΟΥΖ,,61
D. ΕΠΙΤΡΑΠΕΖΙΟΣ ΕΞΟΠΛΙΣΜΟΣ,3. ΤΗΛΕΟΡΑΣΗ,,60
Α. ΣΥΝΤΗΡΗΣΗ,15. ΠΛΑΚΑΚΙΑ - ΑΡΜΟΙ,,60
D. ΕΠΙΤΡΑΠΕΖΙΟΣ ΕΞΟΠΛΙΣΜΟΣ,D.1 ΜΗΧΑΝΗΜΑΤΑ ΚΟΥΖΙΝΑΣ,7. AIR CONDITIONING,56
Β. ΗΛΕΚΤΡΟΛΟΓΙΚΑ,9. ΦΩΤΙΣΤΙΚΑ ΚΟΜΟΔΙΝΟΥ,,56
Β. ΗΛΕΚΤΡΟΛΟΓΙΚΑ,8. ΣΛΟΤ ΜΑΓΝΗΤΙΚΗΣ ΚΑΡΤΑΣ,,54
D. ΕΠΙΤΡΑΠΕΖΙΟΣ ΕΞΟΠΛΙΣΜΟΣ,5. ΠΙΣΤΟΛΑΚΙ ΜΑΛΛΙΩΝ,,51
C. ΥΔΡΑΥΛΙΚΑ,5. ΜΠΑΤΑΡΙΑ ΒΡΥΣΗΣ ΝΤΟΥΣ,ΜΠΑΝΙΕΡΑ,48
Β. ΗΛΕΚΤΡΟΛΟΓΙΚΑ,13. ΆΛΛΗ ΗΛΕΚΤΡΟΛΟΓΙΚΗ ΒΛΑΒΗ,,48
D. ΕΠΙΤΡΑΠΕΖΙΟΣ ΕΞΟΠΛΙΣΜΟΣ,ΑΛΛΕΣ ΒΛΑΒΕΣ,,47
C. ΥΔΡΑΥΛΙΚΑ,2. ΨΥΓΕΙΟ,,47
Β. ΗΛΕΚΤΡΟΛΟΓΙΚΑ,3. ΒΟΥΛΩΜΕΝΟ ΣΙΦΩΝΙ,,46
D. ΕΠΙΤΡΑΠΕΖΙΟΣ ΕΞΟΠΛΙΣΜΟΣ,D.1 ΜΗΧΑΝΗΜΑΤΑ ΚΟΥΖΙΝΑΣ,20. ΔΙΑΡΡΟΗ ΣΩΛΗΝΩΣΕΩΝ,44
Β. ΗΛΕΚΤΡΟΛΟΓΙΚΑ,6. ΑΠΛΙΚΕΣ ΤΟΙΧΟΥ,,43
Β. ΗΛΕΚΤΡΟΛΟΓΙΚΑ,3. ΔΙΑΚΟΠΤΗΣ ΦΩΤΙΣΜΟΥ,,41
C. ΥΔΡΑΥΛΙΚΑ,5. ΣΕΣΟΥΑΡ,,38
Β. ΗΛΕΚΤΡΟΛΟΓΙΚΑ,2. ΒΟΥΛΩΜΕΝΟΣ ΝΙΠΤΗΡΑΣ,,37
Β. ΗΛΕΚΤΡΟΛΟΓΙΚΑ,1. ΛΑΜΠΑ,,37
C. ΥΔΡΑΥΛΙΚΑ,5. ΒΡΥΣΗ ΝΙΠΤΗΡΑ,,35
Α. ΣΥΝΤΗΡΗΣΗ,10. ΧΕΡΟΥΛΙ,,33
Α. ΣΥΝΤΗΡΗΣΗ,26. ΠΥΡΑΣΦΑΛΕΙΑ,6. ΛΑΜΠΑ,33
Α. ΣΥΝΤΗΡΗΣΗ,2. ΠΡΙΖΑ,,32
D. ΕΠΙΤΡΑΠΕΖΙΟΣ ΕΞΟΠΛΙΣΜΟΣ,4. ΤΗΛΕΦΩΝΟ,,32
Β. ΗΛΕΚΤΡΟΛΟΓΙΚΑ,1. ΣΠΟΤΑΚΙΑ,,31
C. ΥΔΡΑΥΛΙΚΑ,8. ΦΩΤΙΣΜΟΣ ΚΟΙΝΟΧΡΗΣΤΩΝ,,30
Α. ΣΥΝΤΗΡΗΣΗ,4. ΠΟΡΤΑ ΜΠΑΛΚΟΝΙΟΥ,,30
Α. ΣΥΝΤΗΡΗΣΗ,3. ΔΙΑΚΟΠΤΗΣ ΦΩΤΙΣΜΟΥ,,29
Β. ΗΛΕΚΤΡΟΛΟΓΙΚΑ,6. ΜΠΟΥΤΟΝ ΚΑΖΑΝΑΚΙ ΜΠΑΝΙΟΥ,,28
D. ΕΠΙΤΡΑΠΕΖΙΟΣ ΕΞΟΠΛΙΣΜΟΣ,4. ΤΗΛΕΟΡΑΣΗ,,28
Α. ΣΥΝΤΗΡΗΣΗ,7. ΝΙΠΤΗΡΑΣ ΜΠΑΝΙΟΥ,,28
D. ΕΠΙΤΡΑΠΕΖΙΟΣ ΕΞΟΠΛΙΣΜΟΣ,D.1 ΜΗΧΑΝΗΜΑΤΑ ΚΟΥΖΙΝΑΣ,4. ΤΗΛΕΦΩΝΟ,27
D. ΕΠΙΤΡΑΠΕΖΙΟΣ ΕΞΟΠΛΙΣΜΟΣ,D.1 ΜΗΧΑΝΗΜΑΤΑ ΚΟΥΖΙΝΑΣ,1. SAFE - ΜΠΑΤΑΡΙΕΣ,27
D. ΕΠΙΤΡΑΠΕΖΙΟΣ ΕΞΟΠΛΙΣΜΟΣ,21. ΑΛΛΗ ΥΔΡΑΥΛΙΚΗ ΒΛΑΒΗ,,27
Β. ΗΛΕΚΤΡΟΛΟΓΙΚΑ,1. ΒΟΥΛΩΜΕΝΗ ΛΕΚΑΝΗ,,27
C. ΥΔΡΑΥΛΙΚΑ,2. ΒΟΥΛΩΜΕΝΟΣ ΝΙΠΤΗΡΑΣ,,26
D. ΕΠΙΤΡΑΠΕΖΙΟΣ ΕΞΟΠΛΙΣΜΟΣ,D.1 ΜΗΧΑΝΗΜΑΤΑ ΚΟΥΖΙΝΑΣ,2. ΨΥΓΕΙΟ,25
C. ΥΔΡΑΥΛΙΚΑ,1. ΒΟΥΛΩΜΕΝΗ ΛΕΚΑΝΗ,,25
Α. ΣΥΝΤΗΡΗΣΗ,3. ΚΑΡΕΚΛΑ ΜΠΑΛΚΟΝΙΟΥ,,25
Β. ΗΛΕΚΤΡΟΛΟΓΙΚΑ,10. ΤΗΛΕΦΩΝΟ ΝΤΟΥΖ,,25
C. ΥΔΡΑΥΛΙΚΑ,6. ΒΡΥΣΗ ΝΤΟΥΖ,ΜΠΑΝΙΕΡΑΣ,24
C. ΥΔΡΑΥΛΙΚΑ,8. ΣΤΗΛΗ-ΒΑΣΗ ΝΤΟΥΖ,,23
Α. ΣΥΝΤΗΡΗΣΗ,20. ΚΟΥΡΤΙΝΟΞΥΛΟ,,23
D. ΕΠΙΤΡΑΠΕΖΙΟΣ ΕΞΟΠΛΙΣΜΟΣ,D.1 ΜΗΧΑΝΗΜΑΤΑ ΚΟΥΖΙΝΑΣ,5. ΣΕΣΟΥΑΡ,21
D. ΕΠΙΤΡΑΠΕΖΙΟΣ ΕΞΟΠΛΙΣΜΟΣ,3. ΨΥΓΕΙΟ,,21
C. ΥΔΡΑΥΛΙΚΑ,4. ΜΠΑΤΑΡΙΑ ΒΡΥΣΗΣ ΝΙΠΤΗΡΑ,,21
D. ΕΠΙΤΡΑΠΕΖΙΟΣ ΕΞΟΠΛΙΣΜΟΣ,10. ΠΛΥΝΤΗΡΙΟ ΠΙΑΤΩΝ,,21
C. ΥΔΡΑΥΛΙΚΑ,3. ΤΗΛΕΟΡΑΣΗ,,20
Β. ΗΛΕΚΤΡΟΛΟΓΙΚΑ,10. ΦΩΣ ΜΠΑΛΚΟΝΙΟΥ,,19
C. ΥΔΡΑΥΛΙΚΑ,10. ΕΞΑΕΡΙΣΜΟΣ ΜΠΑΝΙΟΥ,,19
Α. ΣΥΝΤΗΡΗΣΗ,18. ΚΑΓΚΕΛΟ ΜΠΑΛΚΟΝΙΟΥ,19. ΚΟΜΩΔΙΝΑ,19
Α. ΣΥΝΤΗΡΗΣΗ,8. ΠΑΓΚΟΣ ΚΟΥΖΙΝΑΣ,,18
C. ΥΔΡΑΥΛΙΚΑ,7. ΚΑΠΑΚΙ ΛΕΚΑΝΗΣ,,17
Α. ΣΥΝΤΗΡΗΣΗ,10. ΠΟΡΤΑ ΜΠΑΝΙΟΥ,,17
Β. ΗΛΕΚΤΡΟΛΟΓΙΚΑ,7. ΗΛΕΚΤΡΟΛΟΓΙΚΟΣ ΠΙΝΑΚΑΣ,,16
D. ΕΠΙΤΡΑΠΕΖΙΟΣ ΕΞΟΠΛΙΣΜΟΣ,8. ΠΛΥΝΤΗΡΙΟ ΠΙΑΤΩΝ,,16
C. ΥΔΡΑΥΛΙΚΑ,7. ΦΩΤΙΣΤΙΚΑ ΚΟΜΟΔΙΝΟΥ,,16
Α. ΣΥΝΤΗΡΗΣΗ,12. ΕΞΑΕΡΙΣΜΟΣ ΜΠΑΝΙΟΥ,,16
Α. ΣΥΝΤΗΡΗΣΗ,22. ΤΖΑΜΙ ΜΠΑΝΙΕΡΑΣ,ΝΤΟΥΖ,15
C. ΥΔΡΑΥΛΙΚΑ,18. ΑΛΛΗ ΗΛΕΚΤΡΟΛΟΓΙΚΗ ΒΛΑΒΗ,,15
C. ΥΔΡΑΥΛΙΚΑ,14. ΝΙΠΤΗΡΑΣ ΚΟΥΖΙΝΑΣ,,15
Α. ΣΥΝΤΗΡΗΣΗ,17. ΝΤΟΥΛΑΠΑ ΡΕΓΟΥΛΑΡΙΣΜΑ,,15
D. ΕΠΙΤΡΑΠΕΖΙΟΣ ΕΞΟΠΛΙΣΜΟΣ,12. ΤΗΛΕΦΩΝΟ ΝΤΟΥΖ,,15
Β. ΗΛΕΚΤΡΟΛΟΓΙΚΑ,4. ΜΠΑΤΑΡΙΑ ΒΡΥΣΗΣ ΝΙΠΤΗΡΑ,,15
Β. ΗΛΕΚΤΡΟΛΟΓΙΚΑ,5. ΚΡΥΦΟΣ ΦΩΤΙΣΜΟΣ,,14
C. ΥΔΡΑΥΛΙΚΑ,10. ΤΗΛΕΦΩΝΟ ΝΤΟΥΖ,,14
C. ΥΔΡΑΥΛΙΚΑ,4. ΤΗΛΕΦΩΝΟ,,14
D. ΕΠΙΤΡΑΠΕΖΙΟΣ ΕΞΟΠΛΙΣΜΟΣ,8. ΣΤΗΛΗ-ΒΑΣΗ ΝΤΟΥΣ,,14
C. ΥΔΡΑΥΛΙΚΑ,9. ΣΠΙΡΑΛ ΝΤΟΥΖ,,13
Β. ΗΛΕΚΤΡΟΛΟΓΙΚΑ,3. ΠΡΙΖΑ,,13
Α. ΣΥΝΤΗΡΗΣΗ,5. ΚΑΡΕΚΛΑ ΜΠΑΛΚΟΝΙΟΥ,,13
3. SOFTWARE,ΠΡΟΓΡΑΜΜΑΤΑ,,12
D. ΕΠΙΤΡΑΠΕΖΙΟΣ ΕΞΟΠΛΙΣΜΟΣ,19. ΒΟΥΛΩΜΕΝΕΣ ΑΠΟΧΕΤΕΥΣΕΙΣ - ΟΣΜΕΣ,,12
C. ΥΔΡΑΥΛΙΚΑ,6. ΣΛΟΤ ΜΑΓΝΗΤΙΚΗΣ ΚΑΡΤΑΣ,,12
C. ΥΔΡΑΥΛΙΚΑ,10. ΠΛΥΝΤΗΡΙΟ ΠΙΑΤΩΝ,,12
D. ΕΠΙΤΡΑΠΕΖΙΟΣ ΕΞΟΠΛΙΣΜΟΣ,10. ΣΠΙΡΑΛ ΝΤΟΥΣ,,12
Β. ΗΛΕΚΤΡΟΛΟΓΙΚΑ,17. ΑΛΛΗ ΚΑΤΑΣΚΕΥΑΣΤΙΚΗ ΒΛΑΒΗ,,11
Β. ΗΛΕΚΤΡΟΛΟΓΙΚΑ,2. ΣΠΟΤΑΚΙΑ ΔΙΑΔΡΟΜΩΝ,,11
C. ΥΔΡΑΥΛΙΚΑ,3. ΜΠΑΝΙΕΡΑ,,11
C. ΥΔΡΑΥΛΙΚΑ,5. ΜΠΑΤΑΡΙΑ ΒΡΥΣΗΣ ΝΤΟΥΖ,ΜΠΑΝΙΕΡΑΣ,11
E. ΕΞΩΤΕΡΙΚΟΙ ΣΥΝΕΡΓΑΤΕΣ,E1. ΚΗΠΟΙ,2. ΕΞΟΠΛΙΣΜΟΣ,11
E. ΕΞΩΤΕΡΙΚΟΙ ΣΥΝΕΡΓΑΤΕΣ,E1. ΚΗΠΟΙ,1. ΠΟΤΙΣΜΑ,11
Α. ΣΥΝΤΗΡΗΣΗ,11. ΠΑΡΑΘΥΡΑ ΜΠΑΝΙΟΥ,,11
Α. ΣΥΝΤΗΡΗΣΗ,Χρονοδιακόπτης,,10
Α. ΣΥΝΤΗΡΗΣΗ,5. ΠΟΡΤΑ ΜΠΑΝΙΟΥ,,10
E. ΕΞΩΤΕΡΙΚΟΙ ΣΥΝΕΡΓΑΤΕΣ,1. ΒΛΑΒΕΣ IT,2. ΠΑΓΟΜΗΧΑΝΗ,10
Α. ΣΥΝΤΗΡΗΣΗ,12. ΧΕΡΟΥΛΙ ΠΟΡΤΑΣ,,10
E. ΕΞΩΤΕΡΙΚΟΙ ΣΥΝΕΡΓΑΤΕΣ,1. ΒΛΑΒΕΣ IT,1. ΘΕΡΜΟΘΑΛΑΜΟΣ,9
Β. ΗΛΕΚΤΡΟΛΟΓΙΚΑ,5. ΜΠΑΤΑΡΙΑ ΒΡΥΣΗΣ ΝΤΟΥΣ,ΜΠΑΝΙΕΡΑ,9
Α. ΣΥΝΤΗΡΗΣΗ,17. ΚΟΥΡΤΙΝΟΞΥΛΟ,,9
Β. ΗΛΕΚΤΡΟΛΟΓΙΚΑ,10. ΦΩΤΙΣΜΟΣ ΚΟΙΝΟΧΡΗΣΤΩΝ,,9
Β. ΗΛΕΚΤΡΟΛΟΓΙΚΑ,1. ΣΠΟΤΑΚΙΑ ΔΙΑΔΡΟΜΩΝ,,9
Α. ΣΥΝΤΗΡΗΣΗ,26. ΠΥΡΑΣΦΑΛΕΙΑ,5. ΑΠΛΙΚΕΣ ΤΟΙΧΟΥ,9
Α. ΣΥΝΤΗΡΗΣΗ,15. ΚΑΘΡΕΠΤΗΣ,,9
Α. ΣΥΝΤΗΡΗΣΗ,26. ΠΥΡΑΣΦΑΛΕΙΑ,26.a ΠΥΡΑΝΙΧΕΥΤΗΣ,9
E. ΕΞΩΤΕΡΙΚΟΙ ΣΥΝΕΡΓΑΤΕΣ,1. ΒΛΑΒΕΣ IT,2. WIFI,9
D. ΕΠΙΤΡΑΠΕΖΙΟΣ ΕΞΟΠΛΙΣΜΟΣ,D.1 ΜΗΧΑΝΗΜΑΤΑ ΚΟΥΖΙΝΑΣ,9. ΜΑΤΙΑ ΕΠΑΓΩΓΙΚΑ,9
E. ΕΞΩΤΕΡΙΚΟΙ ΣΥΝΕΡΓΑΤΕΣ,1. ΒΛΑΒΕΣ IT,5. ΆΛΛΗ ΒΛΑΒΗ IT,8
C. ΥΔΡΑΥΛΙΚΑ,6. ΚΑΖΑΝΑΚΙ,,8
Α. ΣΥΝΤΗΡΗΣΗ,9. ΠΟΡΤΑ ΕΙΣΟΔΟΥ,,8
Α. ΣΥΝΤΗΡΗΣΗ,19. ΚΡΕΒΑΤΙ,,8
Α. ΣΥΝΤΗΡΗΣΗ,12. ΜΠΑΛΚΟΝΟΠΟΡΤΑ,,8
Α. ΣΥΝΤΗΡΗΣΗ,10. ΠΟΡΤΑ ΒΕΡΑΝΤΑΣ,,7
Α. ΣΥΝΤΗΡΗΣΗ,Εξωτερικό Φως Βεράντας,,7
E. ΕΞΩΤΕΡΙΚΟΙ ΣΥΝΕΡΓΑΤΕΣ,E1. ΚΗΠΟΙ,7. ΦΟΥΡΝΟΣ,7
Β. ΗΛΕΚΤΡΟΛΟΓΙΚΑ,7. ΣΤΗΛΗ-ΒΑΣΗ ΝΤΟΥΣ,,7
Α. ΣΥΝΤΗΡΗΣΗ,23. ΦΥΛΛΟ ΑΛΟΥΜΙΝΙΟΥ,,7
Β. ΗΛΕΚΤΡΟΛΟΓΙΚΑ,8. ΣΠΙΡΑΛ ΝΤΟΥΣ,,7
Α. ΣΥΝΤΗΡΗΣΗ,18. ΑΠΟΣΚΕΥΟΣΤΑΤΗΣ,,7
Α. ΣΥΝΤΗΡΗΣΗ,16. ΠΡΟΣΚΕΦΑΛΟ ΚΡΕΒΑΤΙΟΥ,,6
Α. ΣΥΝΤΗΡΗΣΗ,ΑΠΛΙΚΕΣ ΚΡΕΒΑΤΙΩΝ,,6
C. ΥΔΡΑΥΛΙΚΑ,13. ΠΕΛΑΤΩΝ,,6
Α. ΣΥΝΤΗΡΗΣΗ,13. ΧΕΡΟΥΛΙ ΠΟΡΤΑΣ ΕΙΣΟΔΟΥ (ΜΕΝΤΕΣΕΣ),,6
E. ΕΞΩΤΕΡΙΚΟΙ ΣΥΝΕΡΓΑΤΕΣ,E1. ΚΗΠΟΙ,3. ΦΩΤΑ,5
D. ΕΠΙΤΡΑΠΕΖΙΟΣ ΕΞΟΠΛΙΣΜΟΣ,D.1 ΜΗΧΑΝΗΜΑΤΑ ΚΟΥΖΙΝΑΣ,7. ΠΛΥΝΤΗΡΙΟ ΡΟΥΧΩΝ,5
Α. ΣΥΝΤΗΡΗΣΗ,21. ΚΑΘΡΕΠΤΗΣ,,5
D. ΕΠΙΤΡΑΠΕΖΙΟΣ ΕΞΟΠΛΙΣΜΟΣ,9. ΠΛΥΝΤΗΡΙΟ ΡΟΥΧΩΝ,,5
Α. ΣΥΝΤΗΡΗΣΗ,8. ΤΖΑΜΙ ΜΠΑΝΙΕΡΑΣ,ΝΤΟΥΖΙΕΡΑΣ,5
Β. ΗΛΕΚΤΡΟΛΟΓΙΚΑ,7. ΣΛΟΤ ΜΑΓΝΗΤΙΚΗΣ ΚΑΡΤΑΣ,,5
Α. ΣΥΝΤΗΡΗΣΗ,23. ΤΖΑΜΙΑ - ΑΣΦΑΛΕΙΑ ΜΠΑΛΚΟΝΟΠΟΡΤΑΣ,,5
Α. ΣΥΝΤΗΡΗΣΗ,13. ΚΛΕΙΔΑΡΙΑ,,5
Α. ΣΥΝΤΗΡΗΣΗ,1. ΣΠΟΤΑΚΙΑ,,5
C. ΥΔΡΑΥΛΙΚΑ,Σιφόνι Μπαλκονιού,,5
Α. ΣΥΝΤΗΡΗΣΗ,14. ΟΜΠΡΕΛΕΣ,,5
D. ΕΠΙΤΡΑΠΕΖΙΟΣ ΕΞΟΠΛΙΣΜΟΣ,D.1 ΜΗΧΑΝΗΜΑΤΑ ΚΟΥΖΙΝΑΣ,10. ΝΕΡΟΧΥΤΗΣ,5
C. ΥΔΡΑΥΛΙΚΑ,ΣΙΦΟΝΙΑ ΔΥΣΟΣΜΙΑ,,5
D. ΕΠΙΤΡΑΠΕΖΙΟΣ ΕΞΟΠΛΙΣΜΟΣ,D.1 ΜΗΧΑΝΗΜΑΤΑ ΚΟΥΖΙΝΑΣ,3. ΒΡΑΣΤΗΡΑΣ,4
E. ΕΞΩΤΕΡΙΚΟΙ ΣΥΝΕΡΓΑΤΕΣ,9. ΕΣΤΙΕΣ ΑΕΡΙΟΥ AXION,,4
D. ΕΠΙΤΡΑΠΕΖΙΟΣ ΕΞΟΠΛΙΣΜΟΣ,D.1 ΜΗΧΑΝΗΜΑΤΑ ΚΟΥΖΙΝΑΣ,4. ΦΟΥΡΝΟΣ,4
C. ΥΔΡΑΥΛΙΚΑ,8. ΣΤΗΛΗ - ΒΑΣΗ ΝΤΟΥΖ,,4
Β. ΗΛΕΚΤΡΟΛΟΓΙΚΑ,6. ΗΛΕΚΤΡΟΛΟΓΙΚΟΣ ΠΙΝΑΚΑΣ,,4
C. ΥΔΡΑΥΛΙΚΑ,9. ΠΛΥΝΤΗΡΙΟ ΡΟΥΧΩΝ,,4
Α. ΣΥΝΤΗΡΗΣΗ,26. ΠΥΡΑΣΦΑΛΕΙΑ,4. ΚΡΥΦΟΣ ΦΩΤΙΣΜΟΣ,4
D. ΕΠΙΤΡΑΠΕΖΙΟΣ ΕΞΟΠΛΙΣΜΟΣ,16. ΦΘΟΡΑ-ΑΝΤΙΚΑΤΑΣΤΑΣΗ ΣΑΠΟΥΝΟΘΗΚΗΣ,,4
C. ΥΔΡΑΥΛΙΚΑ,15. ΣΠΙΡΑΛ ΚΟΥΖΙΝΑΣ,,4
Β. ΗΛΕΚΤΡΟΛΟΓΙΚΑ,16. ΣΟΒΑΝΤΕΠΙ,,4
C. ΥΔΡΑΥΛΙΚΑ,4. ΜΠΑΤΑΡΙΑΣ ΒΡΥΣΗΣ ΝΥΠΤΗΡΑ,,3
Α. ΣΥΝΤΗΡΗΣΗ,18. ΚΑΓΚΕΛΟ ΜΠΑΛΚΟΝΙΟΥ,,3
Α. ΣΥΝΤΗΡΗΣΗ,18. ΚΡΕΒΑΤΙ,,3
Α. ΣΥΝΤΗΡΗΣΗ,17. ΚΑΓΚΕΛΟ ΜΠΑΛΚΟΝΙΟΥ,,3
Α. ΣΥΝΤΗΡΗΣΗ,15. ΤΖΑΜΙ ΜΠΑΛΚΟΝΟΠΟΡΤΑΣ,,3
Α. ΣΥΝΤΗΡΗΣΗ,9. ΠΑΡΑΘΥΡΟ ΜΠΑΝΙΟΥ,,3
Α. ΣΥΝΤΗΡΗΣΗ,14. ΜΠΑΝΙΟΥ(ΜΕΝΤΕΣΕΣ - ΚΛΕΙΔΑΡΙΑ),,3
Α. ΣΥΝΤΗΡΗΣΗ,2. ΟΜΠΡΕΛΕΣ,,3
Α. ΣΥΝΤΗΡΗΣΗ,22. ΤΖΑΜΙΑ - ΑΣΦΑΛΕΙΑ ΜΠΑΛΚΟΝΟΠΟΡΤΑΣ,,3
Β. ΗΛΕΚΤΡΟΛΟΓΙΚΑ,4. ΔΙΑΚΟΠΤΗΣ ΦΩΤΙΣΜΟΥ,,3
Α. ΣΥΝΤΗΡΗΣΗ,18. ΚΑΓΚΕΛΟ ΜΠΑΛΚΟΝΙΟΥ,19. ΚΟΥΡΤΙΝΟΞΥΛΟ,3
C. ΥΔΡΑΥΛΙΚΑ,4. ΦΟΥΡΝΟΣ,,3
Β. ΗΛΕΚΤΡΟΛΟΓΙΚΑ,ΤΗΛΕΧΕΙΡΙΣΤΗΡΙΑ,,3
C. ΥΔΡΑΥΛΙΚΑ,1. SAFE - ΜΠΑΤΑΡΙΕΣ,,3
D. ΕΠΙΤΡΑΠΕΖΙΟΣ ΕΞΟΠΛΙΣΜΟΣ,2. WIFI,,3
Α. ΣΥΝΤΗΡΗΣΗ,26. ΠΥΡΑΣΦΑΛΕΙΑ,26.c ΠΥΡΟΣΒΕΣΤΙΚΗ ΦΩΛΙΑ,2
Α. ΣΥΝΤΗΡΗΣΗ,25. ΠΥΡΑΣΦΑΛΕΙΑ,,2
D. ΕΠΙΤΡΑΠΕΖΙΟΣ ΕΞΟΠΛΙΣΜΟΣ,13. ΦΙΛΤΡΑ ΒΡΥΣΩΝ,,2
C. ΥΔΡΑΥΛΙΚΑ,14. ΚΟΥΖΙΝΑΣ,,2
C. ΥΔΡΑΥΛΙΚΑ,11. ΣΠΙΡΑΛ ΝΤΟΥΖ,,2
E. ΕΞΩΤΕΡΙΚΟΙ ΣΥΝΕΡΓΑΤΕΣ,E1. ΚΗΠΟΙ,6. ΠΛΥΝΤΗΡΙΟ ΠΟΤΗΡΙΩΝ,2
E. ΕΞΩΤΕΡΙΚΟΙ ΣΥΝΕΡΓΑΤΕΣ,1. ΒΛΑΒΕΣ IT,4. HARDWARE,2
D. ΕΠΙΤΡΑΠΕΖΙΟΣ ΕΞΟΠΛΙΣΜΟΣ,D.1 ΜΗΧΑΝΗΜΑΤΑ ΚΟΥΖΙΝΑΣ,11. ΛΑΝΤΖΕΣ,2
Β. ΗΛΕΚΤΡΟΛΟΓΙΚΑ,5. ΑΠΛΙΚΕΣ ΤΟΙΧΟΥ,,2
E. ΕΞΩΤΕΡΙΚΟΙ ΣΥΝΕΡΓΑΤΕΣ,1. ΒΛΑΒΕΣ IT,3. SOFTWARE,2
C. ΥΔΡΑΥΛΙΚΑ,12. ΕΞΑΕΡΙΣΜΟΣ ΜΠΑΝΙΟΥ,,2
Β. ΗΛΕΚΤΡΟΛΟΓΙΚΑ,ΒΟΥΛΩΜΕΝΗ ΜΠΑΝΙΕΡΑ,,2
C. ΥΔΡΑΥΛΙΚΑ,6. ΠΛΑΤΩ,,2
D. ΕΠΙΤΡΑΠΕΖΙΟΣ ΕΞΟΠΛΙΣΜΟΣ,D.1 ΜΗΧΑΝΗΜΑΤΑ ΚΟΥΖΙΝΑΣ,7. ΦΡΙΤΕΖΑ,2
D. ΕΠΙΤΡΑΠΕΖΙΟΣ ΕΞΟΠΛΙΣΜΟΣ,D.1 ΜΗΧΑΝΗΜΑΤΑ ΚΟΥΖΙΝΑΣ,1. ΑΠΟΡΡΟΦΗΤΗΡΕΣ,2
D. ΕΠΙΤΡΑΠΕΖΙΟΣ ΕΞΟΠΛΙΣΜΟΣ,18. ΥΔΡΟΡΡΟΗ ΜΠΑΛΚΟΝΙΟΥ,,2
D. ΕΠΙΤΡΑΠΕΖΙΟΣ ΕΞΟΠΛΙΣΜΟΣ,8. ΦΙΛΤΡΑ ΚΛΙΜΑΤΙΣΤΙΚΟΥ,,2
Β. ΗΛΕΚΤΡΟΛΟΓΙΚΑ,8. ΦΩΤΙΣΤΙΚΑ ΚΟΜΟΔΙΝΟΥ,,2
C. ΥΔΡΑΥΛΙΚΑ,11. ΦΩΤΙΣΜΟΣ ΑΝΕΛΚΥΣΤΗΡΩΝ,,2
Α. ΣΥΝΤΗΡΗΣΗ,5. ΠΕΡΓΚΟΛΑ,,1
Α. ΣΥΝΤΗΡΗΣΗ,24. ΦΥΛΛΟ ΑΛΟΥΜΙΝΙΟΥ,,1
D. ΕΠΙΤΡΑΠΕΖΙΟΣ ΕΞΟΠΛΙΣΜΟΣ,1. ΒΛΑΒΕΣ ΕΞΟΠΛΙΣΜΟΥ,,1
Α. ΣΥΝΤΗΡΗΣΗ,4. ΚΑΡΕΚΛΑ ΜΠΑΛΚΟΝΙΟΥ,,1
ΜΠΑΤΑΡΙΑ ΒΡΥΣΗΣ ΝΤΟΥΣ,ΜΠΑΝΙΕΡΑ,,1
C. ΥΔΡΑΥΛΙΚΑ,13. ΦΩΤΙΣΜΟΣ ΑΝΕΛΚΙΣΤΗΡΩΝ,,1
D. ΕΠΙΤΡΑΠΕΖΙΟΣ ΕΞΟΠΛΙΣΜΟΣ,17. ΒΑΤΡΑΧΟΣ ΑΠΟΧΕΤΕΥΣΗΣ,,1
C. ΥΔΡΑΥΛΙΚΑ,8. ΦΙΛΤΡΑ ΚΛΙΜΑΤΙΣΤΙΚΟΥ,,1
D. ΕΠΙΤΡΑΠΕΖΙΟΣ ΕΞΟΠΛΙΣΜΟΣ,1. SAFE BOX,,1
Β. ΗΛΕΚΤΡΟΛΟΓΙΚΑ,15. ΨΥΚΤΕΣ ΚΡΑΣΙΟΥ LOBBY BAR,,1
C. ΥΔΡΑΥΛΙΚΑ,1. ΑΠΠΟΡΟΦΗΤΗΡΕΣ,ΦΟΥΣΚΕΣ,1
Α. ΣΥΝΤΗΡΗΣΗ,12. ΞΑΠΛΩΣΤΡΕΣ,,1
Α. ΣΥΝΤΗΡΗΣΗ,7. ΝΥΠΤΗΡΑΣ ΜΠΑΝΙΟΥ,,1
C. ΥΔΡΑΥΛΙΚΑ,13. ΒΑΤΡΑΧΟΣ ΑΠΟΧΕΤΕΥΣΗΣ,,1
D. ΕΠΙΤΡΑΠΕΖΙΟΣ ΕΞΟΠΛΙΣΜΟΣ,6. ΜΗΧΑΝΗ ESPRESSO,,1
Β. ΗΛΕΚΤΡΟΛΟΓΙΚΑ,13. ΧΑΜΗΛΗ ΤΑΣΗ ΡΕΥΜΑΤΟΣ,,1
Α. ΣΥΝΤΗΡΗΣΗ,3. ΒΑΣΕΙΣ ΟΜΠΡΕΛΑΣ,,1
Α. ΣΥΝΤΗΡΗΣΗ,7. ΤΡΑΠΕΖΙΑ ΕΣΤΙΑΤΟΡΙΟΥ,,1
Α. ΣΥΝΤΗΡΗΣΗ,21. ΤΖΑΜΙ ΜΠΑΝΙΕΡΑΣ,ΝΤΟΥΖΙΕΡΑΣ,1
Α. ΣΥΝΤΗΡΗΣΗ,4. ΠΛΑΚΑΚΙΑ - ΑΡΜΟΙ,,1
Α. ΣΥΝΤΗΡΗΣΗ,ΚΑΘΡΕΠΤΗΣ,,1
Α. ΣΥΝΤΗΡΗΣΗ,6. ΚΑΓΚΕΛΟ ΜΠΑΛΚΟΝΙΟΥ,,1
D. ΕΠΙΤΡΑΠΕΖΙΟΣ ΕΞΟΠΛΙΣΜΟΣ,19. ΔΙΑΡΡΟΗ ΣΩΛΗΝΩΣΕΩΝ,,1
E. ΕΞΩΤΕΡΙΚΟΙ ΣΥΝΕΡΓΑΤΕΣ,E1. ΚΗΠΟΙ,8. ΣΧΑΡΑ AXION,1
Α. ΣΥΝΤΗΡΗΣΗ,ΒΛΑΒΗ COMPUTER ROOM,,1
D. ΕΠΙΤΡΑΠΕΖΙΟΣ ΕΞΟΠΛΙΣΜΟΣ,D.1 ΜΗΧΑΝΗΜΑΤΑ ΚΟΥΖΙΝΑΣ,5. ΤΗΛΕΦΩΝΟ,1
Α. ΣΥΝΤΗΡΗΣΗ,ΕΞΩΤΕΡΙΚΟ ΦΩΣ ΒΕΡΑΝΤΑΣ,,1
C. ΥΔΡΑΥΛΙΚΑ,ΒΟΥΛΩΜΕΝΗ ΜΠΑΝΙΕΡΑ,,1
Β. ΗΛΕΚΤΡΟΛΟΓΙΚΑ,ΠΡΟΒΟΛΕΙΣ-ΦΩΤΙΣΜΟΣ ΕΙΣΟΔΟΥ ΞΕΝΟΔΟΧΕΙΟΥ,,1
Α. ΣΥΝΤΗΡΗΣΗ,ΦΩΣ ΜΠΑΛΚΟΝΙΟΥ,,1
Α. ΣΥΝΤΗΡΗΣΗ,26. ΠΥΡΑΣΦΑΛΕΙΑ,ΦΘΟΡΑ-ΑΝΤΙΚΑΤΑΣΤΑΣΗ ΠΕΤΣΕΤΟΘΗΚΗΣ,1
E. ΕΞΩΤΕΡΙΚΟΙ ΣΥΝΕΡΓΑΤΕΣ,E1. ΚΗΠΟΙ,,1
Β. ΗΛΕΚΤΡΟΛΟΓΙΚΑ,17. ΠΥΡΑΣΦΑΛΕΙΑ,,1
Α. ΣΥΝΤΗΡΗΣΗ,11. ΠΟΡΤΑ ΝΤΟΥΛΑΠΑΣ,,1
C. ΥΔΡΑΥΛΙΚΑ,16. ΒΑΤΡΑΧΟΣ ΑΠΟΧΕΤΕΥΣΗΣ,,1
D. ΕΠΙΤΡΑΠΕΖΙΟΣ ΕΞΟΠΛΙΣΜΟΣ,D.1 ΜΗΧΑΝΗΜΑΤΑ ΚΟΥΖΙΝΑΣ,21. ΗΛΙΑΚΑ ΠΑΝΕΛ,1
C. ΥΔΡΑΥΛΙΚΑ,10. ΠΑΡΑΘΥΡΟ ΜΠΑΝΙΟΥ,,1
C. ΥΔΡΑΥΛΙΚΑ,17. ΦΩΤΙΣΜΟΣ ΕΙΣΟΔΟΥ ΞΕΝΟΔΟΧΕΙΟΥ,,1
Β. ΗΛΕΚΤΡΟΛΟΓΙΚΑ,21.a ΠΥΡΑΝΙΧΝΕΥΤΗΣ,,1
Β. ΗΛΕΚΤΡΟΛΟΓΙΚΑ,12. ΗΛΕΚΤΡΟΔΟΤΗΣΗ ΠΙΣΙΝΑΣ,,1
Α. ΣΥΝΤΗΡΗΣΗ,8. ΠΟΡΤΑ ΜΠΑΝΙΟΥ,,1
D. ΕΠΙΤΡΑΠΕΖΙΟΣ ΕΞΟΠΛΙΣΜΟΣ,17. ΥΔΡΟΡΟΗ ΜΠΑΛΚΟΝΙΟΥ,,1
